quote,character,movie
Deagol!,Gollum,The Return of the King
Deagol!,Gollum,The Return of the King
Deagol!,Gollum,The Return of the King
Give us that! Deagol my love,Gollum,The Return of the King
Why?,Déagol,The Return of the King
"Because' , it's my birthday and I wants it. Â ",Gollum,The Return of the King
Arrghh!,Déagol,The Return of the King
They cursed us,Gollum,The Return of the King
Murderer),Gollum,The Return of the King
'Murderer' they called us. They cursed us and drove us away.,Gollum,The Return of the King
"Pull it in! Go on, go on, go on, pull it in! Â ",Gollum,The Return of the King
"Oh Smeagol Ive got one! , Ive got a fish Smeagol, Smeagol!    ",Déagol,The Return of the King
My precious.,Gollum,The Return of the King
Gandalf?,Frodo Baggins,The Return of the King
Oooohhh!,Frodo Baggins,The Return of the King
Frodo!,Meriadoc Brandybuck,The Return of the King
Aaaahh!,Gimli,The Return of the King
"and cool, so nice for feet' and we only wish to catch a fish    , so juicy sweet. Â ",Gollum,The Return of the King
Gimli!,Frodo Baggins,The Return of the King
My precious!,Gollum,The Return of the King
"Wake up! , Wake up!     ,Wake up sleepies! We must go, yes, we must go at once. Â ",Gollum,The Return of the King
Haven't you had any sleep Mr Frodo?,Samwise Gamgee,The Return of the King
"And we forgot the taste of bread, the sound of trees and the softness of     the wind. We even forgot our own name. Â ",Gollum,The Return of the King
"Gollum' Gollum' Gollum' , and we wept precious. We wept to be so alone. Â ",Gollum,The Return of the King
Not before Mr Frodo's had something to eat.,Samwise Gamgee,The Return of the King
No time to lose silly!,Gollum,The Return of the King
Come on! Must go! No time!,Gollum,The Return of the King
"And I've gone and had too much. , It must be getting late. Â ",Samwise Gamgee,The Return of the King
"No, it isn't. It isn't midday yet. , The days are growing darker. Â ",Frodo Baggins,The Return of the King
Here.,Samwise Gamgee,The Return of the King
What about you?,Frodo Baggins,The Return of the King
"Oh no, I'm not hungry, leastways not for lembas bread. Â ",Samwise Gamgee,The Return of the King
Sam!,Frodo Baggins,The Return of the King
Aragorn!,Frodo Baggins,The Return of the King
Now come the days of the King. May they be blessed.,Gandalf,The Return of the King
"    This day does not belong to one man, but to all. Let us together rebuild     this world, that we may share in the days of peace. Â ",Aragorn II Elessar,The Return of the King
Et E'rello Endorenna ut'lien. Sinome maruvan ar Hildinyar tenn' Ambar-metta!,Aragorn II Elessar,The Return of the King
Hannon le.,Aragorn II Elessar,The Return of the King
"    My friends, , you bow to     no-one. Â ",Aragorn II Elessar,The Return of the King
"    ,And thus     it was a Fourth Age of Middle Earth began. And the Fellowship of the Ring,     though eternally bound by friendship and love was ended.            Thirteen months to the day since Gandalf sent us on our long journey we find     ourselves looking upon a familiar sight. Â ",Frodo Baggins,The Return of the King
Alright!,Peregrin Took,The Return of the King
We were home.,Frodo Baggins,The Return of the King
Hey watch the pumpkin.,MINOR_CHARACTER,The Return of the King
The journey home.,Samwise Gamgee,The Return of the King
"Oh alright, but we don't have that much left. We have to be careful or     we are going to run out. You go ahead and eat that Mr Frodo. I've rationed     it, there should be enough. Â ",Samwise Gamgee,The Return of the King
"Come Hobbitses, very close now. Very close to Mordor. No safe places here. Hurry. Â ",Gollum,The Return of the King
"It's good. Definitely from the Shire. ,Longbottom leaf eh? Â ",Meriadoc Brandybuck,The Return of the King
"uhh huh , I feel like I'm back at the Green Dragon. Â ",Peregrin Took,The Return of the King
"Mmmm , Green Dragon! Â ",Meriadoc Brandybuck,The Return of the King
For what?,Frodo Baggins,The Return of the King
Goodnight lads.,Rosie Cotton,The Return of the King
"Welcome, my lords to Isengard! Â ",Meriadoc Brandybuck,The Return of the King
You young rascals. A merry hunt you've led us on and now we find you     feasting and ' and smoking!,Gimli,The Return of the King
Hmm?,Peregrin Took,The Return of the King
"Only, , you've never done a hard day's work.    Â ",Meriadoc Brandybuck,The Return of the King
Ahaha!,Peregrin Took,The Return of the King
"    How do you pick up the threads of an old life? How do you go on, when in     your heart you begin to understand there is no going back? There are some     things that time cannot mend. Some hurts that go too deep, that have taken     hold.Â ",Frodo Baggins,The Return of the King
Mr Frodo? What is it?,Samwise Gamgee,The Return of the King
It's been four years to the day since Weathertop Sam. It's never really     healed.,Frodo Baggins,The Return of the King
A mug of ale in my hand. Putting my feet up on a settle after a hard     day's work.,Peregrin Took,The Return of the King
"    , There and Back Again, a Hobbits tale     by Bilbo Baggins and the Lord of the Rings by Frodo Baggins. You finished     it.Â ",Samwise Gamgee,The Return of the King
Not quite. There's room for a little more.,Frodo Baggins,The Return of the King
"    Bilbo once told me his part in this tale would end. That each of us must     come and go in the telling. Bilbo's story was now over. There would be no     more journeys for him. , save one. Â ",Frodo Baggins,The Return of the King
To the harbour Bilbo. The elves have accorded you a special honour. A place     on the last ship to leave Middle Earth.,Frodo Baggins,The Return of the King
Salted pork',Gimli,The Return of the King
Hobbits!,Gandalf,The Return of the King
We're under orders from Treebeard who's taken over management of Isengard.,Meriadoc Brandybuck,The Return of the King
"    Tell me again lad, where are we going?Â ",Bilbo Baggins,The Return of the King
"    Frodo, any chance of seeing that old Ring of mine again? The one I gave you?Â ",Bilbo Baggins,The Return of the King
"Hoooom, young master Gandalf, I'm glad you've come. Wood and water,     stock and stone I can master, but there is a Wizard to manage here locked in     his towerÂ ",Treebeard,The Return of the King
" We are sitting on a field of     victory enjoying a few well earned comforts , The salted pork is particularly good. Â ",Peregrin Took,The Return of the King
"Â , Show yourself.    Â ",Aragorn II Elessar,The Return of the King
Well then let's just have his head and be done with it.,Gimli,The Return of the King
"Be careful. Even in defeat, Saruman is dangerous. Â ",Gandalf,The Return of the King
"You have fought many wars and slain many men Theoden King and made peace afterwards. Can we not take counsel together as we once did, my old friend?Can we not have peace you and I?Â ",Saruman,The Return of the King
We shall have peace'. We shall have peace when you answer for the     burning of the Westfold and the children that lie dead there! We shall have peace when the lives of the soldiers whose bodies were hewn even as they lay dead against the gates of the Hornburg' are avenged! When you hang from a gibbet for the sport of your own crows' we shall have peace!,Théoden,The Return of the King
Gibbets and crows! Dotard! What do you want Gandalf Grahame? Let me guess' the key of Orthanc? Or perhaps the keys of Barad D'r itself? Along with the crowns of the seven Kings and the rods of the Five Wizards!,Saruman,The Return of the King
"No, we need him alive. We need him to talk. Â ",Gandalf,The Return of the King
I'm sorry uncle. I'm afraid I lost it.,Frodo Baggins,The Return of the King
Your treachery has already cost many lives. Thousands more are now at     risk. But you could save them Saruman. You were deep in the enemy's counsel.,Gandalf,The Return of the King
I Aear c'n ven na mar.,Elrond,The Return of the King
I think I'm quite ready for another adventure.,Bilbo Baggins,The Return of the King
"    Farewell my brave Hobbits. , My work is now finished.    ,Here at last, on the     shores of the sea, comes the end of our Fellowship. , I will not say do not weep for not all     tears are an evil. , It is time Frodo.    Â ",Gandalf,The Return of the King
What does he mean?,Samwise Gamgee,The Return of the King
Oh! Well here is a sight I have never seen before.,Bilbo Baggins,The Return of the King
The power of the three rings is ended. The time has come for the dominion of     men.,Galadriel,The Return of the King
"    Oh, pity. (He sighs.) I would have like to have held it one last time. Â ",Bilbo Baggins,The Return of the King
"    We set out to save the Shire Sam and it has been saved, but not for me. Â ",Frodo Baggins,The Return of the King
"    , You don't mean that. You can't     leave.Â ",Samwise Gamgee,The Return of the King
"So you have come here for information. I have some for you.    ,Something festers in the heart of Middle Earth. Something that you have failed to see. But the great eye has seen it! Even now he presses his advantage. His attack will come soon.     ,     You are all going to die! But you know this don't you Gandalf? You cannot think that this Ranger will ever sit upon the throne of Gondor. This exile, crept from the shadows will never be crowned King. ,Gandalf does not hesitate to sacrifice those who are closest to him' those he professes to love! Tell me, what words of comfort did you give the Halfling before you sent him to his doom? The path that you have set him on can only lead to death. Â ",Saruman,The Return of the King
Save your pity and your mercy. I have no use for it!,Saruman,The Return of the King
Saruman'.. your staff is broken!,Gandalf,The Return of the King
Grima! You need not follow him! You were not always as you are now. You were once a man of Rohan. Come down.,Théoden,The Return of the King
I've heard enough! Shoot him! Stick an arrow in his gob!,Gimli,The Return of the King
The last pages are for you Sam.,Frodo Baggins,The Return of the King
Free? He will never be free!,Saruman,The Return of the King
No!,Gríma Wormtongue,The Return of the King
"    My dear Sam, you cannot always be torn in two. , You will     have to be one and whole for many years. You have so much to enjoy and to be     and to do. Your part in the story will go on. Â ",Frodo Baggins,The Return of the King
"    Well, I'm back.Â ",Samwise Gamgee,The Return of the King
I didn't think it would end this way.,Peregrin Took,The Return of the King
"  End?  No, the journey doesn't end here.  Death is just another path, one that we all must take.    ,  The grey rain curtain of this world rolls back and all turns to silvered glass.  And then you see it.    Â ",Gandalf,The Return of the King
A man of Rohan? What is the house of Rohan but a thatched barn where brigands drink in the reek and their brats roll on the floor with the dogs? The victory at Helms Deep does not belong to you Theoden Horse Master. You are a lesser son of greater sires!,Saruman,The Return of the King
Grima'. Come down! Be free of him!,Théoden,The Return of the King
No! Come down Saruman and your life will be spared!,Gandalf,The Return of the King
What?  Gandalf?  See what?,Peregrin Took,The Return of the King
Rally to me!  To meeee!,Théoden,The Return of the King
Feast on his flesh.,Witch-King of Angmar,The Return of the King
I will kill you if you touch him.,Éowyn,The Return of the King
The City has fallen silent.  There is no warmth left in the sun.,Faramir,The Return of the King
It grows so cold.,Éowyn,The Return of the King
It's just the damp of the first spring rain.,Faramir,The Return of the King
No.  No it isn't.,Gandalf,The Return of the King
"  Well, , that's not  so bad.    Â ",Peregrin Took,The Return of the King
"  White shores and beyond,  a far green country under a swift sunrise.     Â ",Gandalf,The Return of the King
I do not believe this darkness will endure.,Faramir,The Return of the King
"  Look!  The Orcs, they're moving off!Â     Â ",Samwise Gamgee,The Return of the King
Get down cur!,Saruman,The Return of the King
Ah!,Gríma Wormtongue,The Return of the King
Saruman! You were deep in the enemy's counsel. Tell us what you know!,Gandalf,The Return of the King
You withdraw your guard and I will tell you where your doom will be     decided. I will not be held prisoner here!,Saruman,The Return of the King
Send word to all our allies and to every corner of Middle Earth that     still stands free. The enemy moves against us. We need to know where he will     strike.,Gandalf,The Return of the King
"The filth of Saruman is washing away. Trees will come back to live here. ,Young trees. Wild trees. Â ",Treebeard,The Return of the King
Pippin!,Aragorn II Elessar,The Return of the King
Bless my bark!,Treebeard,The Return of the King
Peregrin Took. I'll take that my lad! Quickly now!,Gandalf,The Return of the King
Do not come between the Nazg'l and his prey.,Witch-King of Angmar,The Return of the King
"  Late as usual, pirate scum. ,  There's knifework here needs doing. Come on you sea rats, get off your ships.Â     Â ",MINOR_CHARACTER,The Return of the King
You see Mr Frodo some luck at last!,Samwise Gamgee,The Return of the King
"  Move it, you slugs!Â     Â ",MINOR_CHARACTER,The Return of the King
Come on!  Faster!,MINOR_CHARACTER,The Return of the King
"  Come along you scum! ,  I'll whip you down to the bone!  Come on!  What have I told you.    ,  Get up!    ,  Come on you slugs!  You two are going straight to the front line!  Move it, come on!  Fall in!  Move it! Move it! Move it!Â     Â ",MINOR_CHARACTER,The Return of the King
"  To the gate you slugs, now move it! ,  Don't you know we're at war?Â     Â ",MINOR_CHARACTER,The Return of the King
Company halt!  Inspection!,MINOR_CHARACTER,The Return of the King
You fool!  No man can kill me.  Die now!,Witch-King of Angmar,The Return of the King
"  There's plenty for the both of us, may be best Dwarf win!Â     Â ",Gimli,The Return of the King
I am no man!,Éowyn,The Return of the King
Mr Frodo!,Samwise Gamgee,The Return of the King
Sam!  Help me!,Frodo Baggins,The Return of the King
Stand up Mr Frodo.  Stand up!,Samwise Gamgee,The Return of the King
"  Get off of me! ,  Nobody pushes me you filthy maggot!    ,  Get off of me!Â     Â ",Samwise Gamgee,The Return of the King
Retreat! The city is breached. Fall back to the second level. Get the     women and children out. Get them out. Retreat.,Gandalf,The Return of the King
"    Come on, come on! Â ",MINOR_CHARACTER,The Return of the King
Move into the city. Kill all in your path.,Gothmog (Lieutenant of Morgul),The Return of the King
Break it up!  Break it up!,MINOR_CHARACTER,The Return of the King
Oy!  I'll have your guts if you don't shut this rabble down!,MINOR_CHARACTER,The Return of the King
It's so heavy!,Frodo Baggins,The Return of the King
"  Oh no!  What do I do? ,  What do I do?Â     Â ",Samwise Gamgee,The Return of the King
Hit me!  Hit me Sam!  Start fighting!,Frodo Baggins,The Return of the King
Go Sam.  Now!,Frodo Baggins,The Return of the King
Take them down!,MINOR_CHARACTER,The Return of the King
Fight! Fight to the last man. Fight for your lives.,Gandalf,The Return of the King
"    Gandalf! ,     Gandalf! Denethor has lost his mind. He's burning Faramir alive! Â ",Peregrin Took,The Return of the King
Move along scum!,MINOR_CHARACTER,The Return of the King
Get back in the line you maggots!  Get back in the line you slugs!,MINOR_CHARACTER,The Return of the King
Up! Quickly!,Gandalf,The Return of the King
"    ,     Go back to the abyss! Fall into the nothingness that awaits you and your     master! Â ",Gandalf,The Return of the King
"    Do you not know death when you see it, old man? , This is my hour!    Â ",Witch-King of Angmar,The Return of the King
I can't!  I can't' I can't manage the Ring Sam.  It's' it's' such a weight to carry.  It's such a weight.,Frodo Baggins,The Return of the King
"    ,  We're going that way, straight as we can.  There's no point carrying anything we're not sure to need.Â     Â ",Samwise Gamgee,The Return of the King
"  Mr Frodo, look. ,  There is light and beauty up there that no shadow can touch.     Â ",Samwise Gamgee,The Return of the King
"  Take mine. ,  There's a few drops left.Â     Â ",Samwise Gamgee,The Return of the King
There will be none left for the return journey.,Frodo Baggins,The Return of the King
I don't think there will be a return journey Mr Frodo.,Samwise Gamgee,The Return of the King
"  Frodo, get down! ,  Hide!Â     Â ",Samwise Gamgee,The Return of the King
"    AAAAhhh! , Â ",Peregrin Took,The Return of the King
You have failed! The world of men will fall.,Witch-King of Angmar,The Return of the King
Gandalf!,Peregrin Took,The Return of the King
Where are they?,Peregrin Took,The Return of the King
Frodo!,Samwise Gamgee,The Return of the King
Is there any in this rout with authority to treat with me?,Mouth of Sauron,The Return of the King
"  We do not come to treat with Sauron, faithless and accursed.    Tell your master this.  The armies of Mordor must disband.  He is to depart these lands, never to return.Â     Â ",Gandalf,The Return of the King
"  Let the Lord of the Black Land come forth! ,  Let justice be done upon him!     Â ",Aragorn II Elessar,The Return of the King
Courage Merry. Courage for our friends.,Éowyn,The Return of the King
"    Form ranks you maggots. Form ranks. Pikes in front, archers behind.    Â ",Gothmog (Lieutenant of Morgul),The Return of the King
"    Eomer, take your Eored down the left flankÂ ",Théoden,The Return of the King
Flank ready!,Éomer,The Return of the King
"    Ride now, ride now! Ride! Ride for ruin and the world's ending! DEATH!Â ",Théoden,The Return of the King
DEATH!,MINOR_CHARACTER,The Return of the King
DEATH!,Théoden,The Return of the King
DEATH!,MINOR_CHARACTER,The Return of the King
DEATH!,Théoden,The Return of the King
DEATH!,Théoden,The Return of the King
"    Whatever happens, stay with me. I'll look after you. Â ",Éowyn,The Return of the King
"    Gamling, follow the King's banner down the centre. Grimbold! Take your company right after you pass the wall. Forth and fear no darkness!     , Arise! Arise riders of Theoden. Spears shall be shaken, shields shall be splintered, a sword day, a red day ere the sun rises!!Â ",Théoden,The Return of the King
My master Sauron the Great bids thee welcome.,Mouth of Sauron,The Return of the King
Silence!,Gandalf,The Return of the King
No!,Meriadoc Brandybuck,The Return of the King
Silence!,Gandalf,The Return of the King
"  The Halfling was dear to thee I see.  Know that he suffered greatly at the hands of his host.  Who would've thought one so small could endure so much pain?  And he did Gandalf, he did.Â     Â ",Mouth of Sauron,The Return of the King
You may go no further.,Aragorn II Elessar,The Return of the King
You will not enter Gondor,Aragorn II Elessar,The Return of the King
Frodo!,Peregrin Took,The Return of the King
Frodo!,Peregrin Took,The Return of the King
"Legolas, fire a warning shot past the boson's ear. Â ",Aragorn II Elessar,The Return of the King
Mind your aim.,Gimli,The Return of the King
"Oh! , That's     it, right, we warned you! Prepare to be boarded! Â ",Gimli,The Return of the King
Aha!  Old Greybeard!  I have a token I was bidden to show thee.,Mouth of Sauron,The Return of the King
Who are you to deny us passage?,MINOR_CHARACTER,The Return of the King
"Boarded, by you and whose army? Â ",MINOR_CHARACTER,The Return of the King
Forth Eorlingas!,Théoden,The Return of the King
DEATH!,Éowyn,The Return of the King
CHAAAAARGE!,Théoden,The Return of the King
Set a fire in our flesh!,Denethor I,The Return of the King
Stay this madness!,Gandalf,The Return of the King
Fire at will!,Gothmog (Lieutenant of Morgul),The Return of the King
"    You may triumph in the field of battle for a day, but against the power that     has risen in the east, there is no victory! Â ",Denethor I,The Return of the King
FIRE!,Gothmog (Lieutenant of Morgul),The Return of the King
"    NOOOOOO, you will not take my son from me! Â ",Denethor I,The Return of the King
Aaaaaahhhh!,Denethor I,The Return of the King
"    So passes Denethor, son of Ecthelion. Â ",Gandalf,The Return of the King
DEEEEAAATH!,Meriadoc Brandybuck,The Return of the King
NO! Aaahhh,Peregrin Took,The Return of the King
Faramir!,Denethor I,The Return of the King
And who is this?  Isildur's heir?  It takes more to make a King than a broken Elvish blade.,Mouth of Sauron,The Return of the King
I guess that concludes negotiations.,Gimli,The Return of the King
In there.,Gollum,The Return of the King
I do not believe it.  I will not.,Aragorn II Elessar,The Return of the King
This army.,Aragorn II Elessar,The Return of the King
What is this place?,Frodo Baggins,The Return of the King
I can't go back.,Frodo Baggins,The Return of the King
What's that smell.,Frodo Baggins,The Return of the King
Orcses' filth. Orcses come in here sometimes.,Gollum,The Return of the King
Now that I'm here I don't think I want to.,Frodo Baggins,The Return of the King
It's the only way. Go in' or go back.,Gollum,The Return of the King
Hurry! This way.,Gollum,The Return of the King
Smeagol?,Frodo Baggins,The Return of the King
Over here.,Gollum,The Return of the King
Master must go inside the tunnel.,Gollum,The Return of the King
" You'll see. Oh yes, you     will see.Â ",Gollum,The Return of the King
"  Re-form the line!  Re-form the line!,Â     ",Théoden,The Return of the King
"  Sound the charge.  Take them head-on. Chaaarge!Â ,Â     ",Théoden,The Return of the King
"Ah aah! Its sticky, what is it? Â ",Frodo Baggins,The Return of the King
"  Take the reins, pull him left. ,  LEFT!Â ,Â     ",Éowyn,The Return of the King
"  Make safe the city.,Â     ",Théoden,The Return of the King
"  Bring it down! Bring it down!  Bring it down!,Â     ",Théoden,The Return of the King
"  Merry!Â ,Â     ",Éowyn,The Return of the King
Smeagol? (shouts) SMEAGOL! SMEAGOL!,Frodo Baggins,The Return of the King
Sam.,Frodo Baggins,The Return of the King
Ow!,Samwise Gamgee,The Return of the King
"  Cut him down!Â ,Â     ",MINOR_CHARACTER,The Return of the King
"  Aim for the heads! ,Â     ",Éomer,The Return of the King
Aiya E'rendil Elenion Ancalim',Frodo Baggins,The Return of the King
"Naughty little fly. Why does he cry? ,Caught in a web. Soon     you'll be eaten. Â ",Gollum,The Return of the King
"  Drive them to the river.Â ,Â     ",Éomer,The Return of the King
"It wasn't us. It wasn't us. ,Smeagol wouldn't hurt master. We promised. You must believe us. It was the precious. The precious made us do it. Â ",Gollum,The Return of the King
"I have to destroy it Smeagol. , I have to destroy it for both our sakes. Â ",Frodo Baggins,The Return of the King
"NO! , Aaaaaaaaa.Â ",Gollum,The Return of the King
"And you Frodo Baggins, I give you the light of E'rendil, our most beloved star. , May it be a light for you in dark places, when all other lights go out. Â ",Galadriel,The Return of the King
I'm so sorry Sam.     I'm so sorry.,Frodo Baggins,The Return of the King
NO!,Frodo Baggins,The Return of the King
"One that is cursed. Long ago the men of the mountains swore an oath to     the last King of Gondor , to come to his aid, to fight. But when     the time came, when Gondor's need was dire, they fled vanishing into the     darkness of the mountain. And so Isildur cursed them, never to rest until     they had fulfilled their pledge. Who shall call them from the grey twilight,     the forgotten people? The heir of him to whom the oath they swore. From the     North shall he come, need shall drive him. He shall pass the door to the     Paths of the Dead. Â ",Legolas,The Return of the King
Got away did it precious? Not this time. Not this time.,Gollum,The Return of the King
What kind of army would linger in such a place?,Gimli,The Return of the King
The very warmth of my blood seems stolen away.,Gimli,The Return of the King
"The way is shut. It was made by those who are dead , and the dead keep it. The     way is shut. Â ",Legolas,The Return of the King
Brego!,Aragorn II Elessar,The Return of the King
I do not fear death!,Aragorn II Elessar,The Return of the King
"The scouts report Minas Tirith is surrounded. The lower level's in flames. Everywhere, legions of the enemy advance. Â ",Éomer,The Return of the King
"This task was appointed to you, Frodo of the Shire. If you do not find a     way, no one will. Â ",Galadriel,The Return of the King
Time is against us. Make ready!,Théoden,The Return of the King
"Take heart Merry. , It will soon be overÂ ",Éowyn,The Return of the King
"My lady. You are fair and brave and have much to live for    , and many who love you. I     know it is too late to turn aside. I know there is not much point now in     hoping. If I were a knight of Rohan capable of great deeds'but I'm not. I'm a Hobbit. And I know I can't save Middle Earth. I just want to help my friends; Frodo, Sam, Pippin. More than anything I wish I could see them again. ",Meriadoc Brandybuck,The Return of the King
Make haste. We ride through the night.,Théoden,The Return of the King
Back to the gate! Hurry!,Gandalf,The Return of the King
To battle,Éowyn,The Return of the King
"Well this is a thing unheard of. An elf will go underground, where a     dwarf dare not. Oh. Oh, I'd never hear the end of it. Â ",Gimli,The Return of the King
Prepare to move out!,Éomer,The Return of the King
All my friends have gone to battle. I would be ashamed to be left     behind.,Meriadoc Brandybuck,The Return of the King
It is a three-day gallop to Minas Tirith and none of my riders can bear     you as a burdon.,Théoden,The Return of the King
I want to fight!,Meriadoc Brandybuck,The Return of the King
I will say no more.,Théoden,The Return of the King
Ride with me!,Éowyn,The Return of the King
My lady!,Meriadoc Brandybuck,The Return of the King
To battle,Meriadoc Brandybuck,The Return of the King
We must ride light and swift. It is a long road ahead and man and beast     must reach the end with the strength to fight.,Théoden,The Return of the King
Ride! Ride now to Gondor.,Théoden,The Return of the King
What is it? What do you see?,Gimli,The Return of the King
Little Hobbits do not belong in war Master Meriadoc.,Théoden,The Return of the King
Where?,Gimli,The Return of the King
I see shapes of men and of horses.,Legolas,The Return of the King
Do not look down.,Aragorn II Elessar,The Return of the King
"Pale banners like shreds of cloud. , Spears rise     like winter thickets through a shroud of mist. The dead are following. They     have been summoned. Â ",Legolas,The Return of the King
" The dead?     Summoned? I knew that! Huh. Huh. , Very good. Very good. , Legolas! Â ",Gimli,The Return of the King
Who enters my domain?,The King of the Dead,The Return of the King
One who will have your allegiance.,Aragorn II Elessar,The Return of the King
You will suffer me!,Aragorn II Elessar,The Return of the King
The dead do not suffer the living to pass.,The King of the Dead,The Return of the King
The way is shut! It was made by those who are dead. And the dead keep     it. (The Ghostly army closes around them) The way is shut! Now you must die!,The King of the Dead,The Return of the King
"Form up, move out! Form up, move out! Â ",Éomer,The Return of the King
My lord!,MINOR_CHARACTER,The Return of the King
Hail to you sire!,MINOR_CHARACTER,The Return of the King
I bring 500 men from the Westfold my lord.,Grimbold,The Return of the King
"We have 300 more from Fenmarch, Theoden King.Â  Â ",MINOR_CHARACTER,The Return of the King
That blade was broken!,The King of the Dead,The Return of the King
"It has been remade. ,     Fight for us and regain your honour. What say you? ,What say you?Â ",Aragorn II Elessar,The Return of the King
None but the King of Gondor may command me!,The King of the Dead,The Return of the King
"I am Isildur's heir. Fight for me and I will hold your oaths fulfilled.    ,What say you?    Â ",Aragorn II Elessar,The Return of the King
"Make way for the King!Â  Make way, the King is hereÂ ",MINOR_CHARACTER,The Return of the King
I summon you to     fulfil your oath!,Aragorn II Elessar,The Return of the King
Ach! You waste your time Aragorn. They had no honour in life and they     have none now in death.,Gimli,The Return of the King
Legolas! Run!,Aragorn II Elessar,The Return of the King
We fight!,The King of the Dead,The Return of the King
"Open the gate, quick! Â ",MINOR_CHARACTER,The Return of the King
Quick! Hurry!,Irolas,The Return of the King
Faramir! Say not that he has fallen.,Denethor I,The Return of the King
They were outnumbered! None survived.,Irolas,The Return of the King
Stand you traitors!,Gimli,The Return of the King
Out!,Aragorn II Elessar,The Return of the King
Where are the riders from Snowbourn?,Théoden,The Return of the King
None have come my lord.,MINOR_CHARACTER,The Return of the King
"Six thousand spears, less than half of what I had hoped for.Â ",Théoden,The Return of the King
"You have my word! Fight and I will release you from this living death!    , What say you? Â ",Aragorn II Elessar,The Return of the King
Fear. The city is rank with it! Ha ha ha ha. Let us ease their pain.     Release the prisoners!,Gothmog (Lieutenant of Morgul),The Return of the King
The horses are restless and the men are quiet.,Legolas,The Return of the King
They grow nervous in the shadow of the mountain.,Éomer,The Return of the King
That road there where does that lead?,Gimli,The Return of the King
"Â It is the road to the Dimholt, the door under the mountain.Â  Â ",Legolas,The Return of the King
"Catapults! , ha ha ha.    Â ",MINOR_CHARACTER,The Return of the King
More will come,Théoden,The Return of the King
"My sons are spent! ,     My line has ended! Â ",Denethor I,The Return of the King
Six thousand will not be enough to break the lines of Mordor.,Aragorn II Elessar,The Return of the King
"Every hour lost hastens Gondor's defeat.Â  ,Â  We have until dawn then we must ride.Â  Â ",Aragorn II Elessar,The Return of the King
My line has ended!,Denethor I,The Return of the King
My lord!,Peregrin Took,The Return of the King
Rohan has deserted us!,Denethor I,The Return of the King
"Theoden's betrayed me! ABANDON YOUR POSTS! ,FLEE! FLEE FOR YOUR LIVES! ",Denethor I,The Return of the King
Prepare for battle. Hurry men! To the wall! Defend the wall! Over here!     Return to your posts.,Gandalf,The Return of the King
Send these foul beasts into the Abyss.,Gandalf,The Return of the King
The     house of Stewards has failed.,Denethor I,The Return of the King
We need more rubble!,MINOR_CHARACTER,The Return of the King
He needs medicine my lord!,Peregrin Took,The Return of the King
None who venture there ever return.Â  That mountain is evil.,Éomer,The Return of the King
"Aragorn!Â  ,Â      Let's find some food.Â  Â ",Gimli,The Return of the King
There.Â  A true esquire of Rohan.,Éowyn,The Return of the King
"I'm ready!Â  , Sorry.Â  It isn't all that dangerous.Â  It's not     even sharp.Â  Â ",Meriadoc Brandybuck,The Return of the King
He's alive!,Peregrin Took,The Return of the King
Stay where you are!,Gothmog (Lieutenant of Morgul),The Return of the King
"To the smithy, go!Â  Â ",Éowyn,The Return of the King
You should not encourage him.,Éomer,The Return of the King
You should not doubt him.,Éowyn,The Return of the King
Sir?Â  King Theoden awaits you my lord.,MINOR_CHARACTER,The Return of the King
Watch out!,MINOR_CHARACTER,The Return of the King
Down to the lower levels quick!,MINOR_CHARACTER,The Return of the King
"I do not doubt his heart, only the reach of his arm.Â     Â ",Éomer,The Return of the King
Why should Merry be left behind?Â  He has as much cause to go to war as     you.Â  Why can he not fight for those he loves?,Éowyn,The Return of the King
Double up men!,MINOR_CHARACTER,The Return of the King
"Hold them back, do not give in to fear. Stand to your posts. Fight! Â ",Gandalf,The Return of the King
"Not at the towers! Aim for the trolls, kill the trolls!Â ",Gandalf,The Return of the King
"You know as little of war as that Hobbit.Â Â  When the fear takes him    , and the blood and the     screams and the horror of battle take hold.Â  Do you think he would stand and     fight?Â  He would flee.Â  And he would be right to do so.Â     ,Â  War is the     province of men Eowyn.Â  Â ",Éomer,The Return of the King
Bring them down!,Gandalf,The Return of the King
They called us out to fight.,Peregrin Took,The Return of the King
"Fight them back! ,Peregrin Took! Go back to the Citadel.Â ",Gandalf,The Return of the King
This is no place for a Hobbit!,Gandalf,The Return of the King
What are you doing you useless scum?,Gothmog (Lieutenant of Morgul),The Return of the King
My lord Elrond,Aragorn II Elessar,The Return of the King
"Guard of the Citadel indeed! , Now back up the hill     quickly. Quick! Â ",Gandalf,The Return of the King
The door wont give. It's too strong.,MINOR_CHARACTER,The Return of the King
I come on behalf of one whom I love.Â  Arwen is dying.Â  She will not long     survive the evil that now spreads from Mordor.Â  The light of the evenstar is     failing.Â  As Sauron's power grows her strength wanes.Â  Arwen's life is now     tied to the fate of the Ring.Â  The Shadow is upon us Aragorn.Â  The end has     come.,Elrond,The Return of the King
There are none.,Aragorn II Elessar,The Return of the King
There are those that dwell in the mountain.,Elrond,The Return of the King
"Murderers, traitors. You would call upon them to fight?Â  They believe in     nothing.Â  They answer to no oneÂ ",Aragorn II Elessar,The Return of the King
I take my leave.,Théoden,The Return of the King
Sauron will not have forgotten the sword of Elendil.,Aragorn II Elessar,The Return of the King
"Â  You ride to war     but not to victory.Â  Sauron's armies ride on Minas Tirith, this you know.Â      But in secret he sends another force, which will attack, from the river.    , A fleet of Corsair ships sails from the South.Â  They will be     in the city in two days.Â  You're outnumbered Aragorn.Â  You need more men.Â ",Elrond,The Return of the King
"It will not be our end, but his.Â  Â ",Aragorn II Elessar,The Return of the King
"They will answer to the King of Gondor.Â  , And'ril, the Flame of the West, forged from the shards of     Narsil.Â  Â ",Elrond,The Return of the King
The blade that was broken shall return to Minas Tirith.,Aragorn II Elessar,The Return of the King
The man who can wield the power of this sword can summon to him an army     more deadly than any that walks this earth.Â  Put aside the Ranger.Â  Become     who you were born to be 'nen i-Estel Edain.,Elrond,The Return of the King
'-chebin Estel anim.,Aragorn II Elessar,The Return of the King
I didn't think they would find any livery that wouldÂ  fit me.,Peregrin Took,The Return of the King
It once belonged to a young boy of the city.Â  A very foolish one who     wasted many hours slaying dragons instead of attending his studies.,Faramir,The Return of the King
This was yours?,Peregrin Took,The Return of the King
"Yes, it was mine.Â  My father had it made for me.Â  Â ",Faramir,The Return of the King
Get back there and smash it down!,Gothmog (Lieutenant of Morgul),The Return of the King
But nothing can breach it!,MINOR_CHARACTER,The Return of the King
"Â ,Â  It was     well done.Â  A generous deed should not be checked with cold counsel.Â     ,     You are to join the tower guard.Â ",Faramir,The Return of the King
What were you thinking Peregrin Took?Â  What service can a Hobbit offer     such a great lord of men?,Peregrin Took,The Return of the King
"Grond, Grond, Grond, Grond,     Grond!Â ",MINOR_CHARACTER,The Return of the King
"Grond, Grond, Grond, Grond! Â ",MINOR_CHARACTER,The Return of the King
Eowyn',Aragorn II Elessar,The Return of the King
Why are you doing this?Â  The war lies to the East.Â  You cannot leave on     the eve of battle.Â  You cannot abandon the men.,Éowyn,The Return of the King
"Grond will breach it! , Bring out the wolf's head.Â ",Gothmog (Lieutenant of Morgul),The Return of the King
We need you here.,Éowyn,The Return of the King
I have wished you joy since first I saw you.,Aragorn II Elessar,The Return of the King
Just where do you     think you're off to?,Gimli,The Return of the King
Not this time.Â  This time you must stay Gimli.,Aragorn II Elessar,The Return of the King
Hmmmm,Gimli,The Return of the King
Have you learnt nothing of the stubbornness of     dwarves?,Legolas,The Return of the King
You might as well accept it.Â  We're going with you laddie.Â  Aragorn     smiles.,Gimli,The Return of the King
Do you not know?,Éowyn,The Return of the King
It is but a shadow and a thought that you love.Â  I cannot give you what     you seek.,Aragorn II Elessar,The Return of the King
He leaves because there is no hope.,Gamling,The Return of the King
He leaves because he must.,Théoden,The Return of the King
"Well, I'm taller than you were then.Â  Though, I'm not likely to grow     anymore, except sideways.Â  Â ",Peregrin Took,The Return of the King
Why have you come?,Aragorn II Elessar,The Return of the King
"What's happening, where is he going?Â  I don't understand.Â  (, Lord Aragorn!Â  Why does     he leave on the eve of battle?Â  Â ",MINOR_CHARACTER,The Return of the King
"It never fitted me either.Â  Boromir was always the soldier.Â     ,Â  They were so alike he and     my father.Â  Proud, stubborn even, but strong.Â  Â ",Faramir,The Return of the King
I think you have strength of a different kind.Â  And one day your father     will see it.,Peregrin Took,The Return of the King
"And I shall not forget it!Â ,Â  nor fail to rewardÂ  that which is given.Â     ,Â      Fealty with love.Â  ,Â      Valour with honour.Â  Disloyalty with vengeance.Â      ,Â      I do not think we should so lightly abandon the outer defences.Â  Defences     that your brother long held intact.Â  Â ",Denethor I,The Return of the King
What would you have me do?,Faramir,The Return of the King
I will not yield the River and Pellenor unfought.Â  Osgiliath must be     retaken.,Denethor I,The Return of the King
My lord Osgiliath is over run.,Faramir,The Return of the King
Much must be risked in war.Â Â Â  Is there a Captain here who still has the     courage to do his lord's will?,Denethor I,The Return of the King
You wish now that our places had been exchanged.Â  That I had died and     Boromir had lived.,Faramir,The Return of the King
"Here do I swear fealty and service to Gondor in peace or war, in living     or dying, from , ' from this hour henceforth     until my lord release me or death take me.Â ",Peregrin Took,The Return of the King
"Â No, we cannot.Â  But we will meet them in battle nonetheless.Â     Â ",Théoden,The Return of the King
"I have left instruction. , The people are to follow your rule in     my stead.     Take up my seat in the Golden Hall. Long may you defend Edoras, if the     battle goes ill. Â ",Théoden,The Return of the King
What other duty would you have me do my lord?,Faramir,The Return of the King
"Duty? ,     no. , I     would have you smile again, not grieve for those whose time has come. You     shall live to see these days renewed , ' and no more despairÂ ",Théoden,The Return of the King
"Yes, I wish that.Â  Â ",Denethor I,The Return of the King
"Since you are robbed of Boromir I will do what I can in his stead.Â     ,     If I should return, think better of me father. Â ",Faramir,The Return of the King
To few have come.Â  We cannot defeat the armies of Mordor.,Gamling,The Return of the King
"Sneaking?Â  Sneaking?Â  Fat Hobbit is always so polite.Â  Smeagol shows     them secret ways that nobody else could find and they say 'sneak!'Â  Sneak?Â      Very nice friend, oh yes my precious very nice , very nice!Â ",Gollum,The Return of the King
Alright!Â  Alright!Â  You just startled me is all.Â  What were you doing?,Samwise Gamgee,The Return of the King
Sneaking.,Gollum,The Return of the King
"Fine, have it your own way.Â  ,Â  I'm sorry to wake you Mr Frodo but we have to be     moving on.Â Â ",Samwise Gamgee,The Return of the King
It's dark still.,Frodo Baggins,The Return of the King
"It's always dark here.Â  ,Â  It's gone!Â     , The elven bread!    Â ",Samwise Gamgee,The Return of the King
Ech!,Gollum,The Return of the King
What?Â  That's all we have left!,Frodo Baggins,The Return of the King
We can't hold them.Â  The city is lost.,Madril,The Return of the King
What are you up to?Â  Sneaking off are we?,Samwise Gamgee,The Return of the King
That will depend on the manner of your return.,Denethor I,The Return of the King
He took it.Â  He must have.,Samwise Gamgee,The Return of the King
"Smeagol?Â  No, no, not poor Smeagol.Â  Smeagol hates nasty elf bread.Â     Â ",Gollum,The Return of the King
You're a lying rat!Â  What did you do with it?,Samwise Gamgee,The Return of the King
"Â  He doesn't     eat it. , He can't have taken     it.Â  Â ",Frodo Baggins,The Return of the King
"Â Look, what's this?Â  ,Â  Crumbs on his jacketses.Â  He took it!Â ,He took it! ,Â  I've seen him, he's always stuffing his face when master's     not looking.Â ",Gollum,The Return of the King
"That's a filthy lie!Â  ,Â      You stinking, two faced sneak!Â  Â ",Samwise Gamgee,The Return of the King
Tell the men to break cover.Â  We ride for Minas Tirith.,Faramir,The Return of the King
Nazg'l!,Damrod,The Return of the King
Take cover!Â  Nazgul!Â  Fall     back.Â  Fall back to Minas Tirith!,Faramir,The Return of the King
Stop it!,Frodo Baggins,The Return of the King
I'll kill him!,Samwise Gamgee,The Return of the King
Call me',Samwise Gamgee,The Return of the King
"Â Sam, no!Â  Â ",Frodo Baggins,The Return of the King
"No.Â  No you're not all right, you're exhausted.Â  It's that Gollum.Â  It's     this place.Â  It's that thing around your neck.Â  , I could help a bit.Â  I could carry it for     a while ,,     carry it for a while ,Â      I could carry it' I could carry it' Share the load' share the load' share     the load Â ",Samwise Gamgee,The Return of the King
Get away!,Frodo Baggins,The Return of the King
"Fall back!Â  ,Â  Retreat!Â  Retreat!Â  Run for your lives!Â  Â ",Faramir,The Return of the King
The age of men is over.Â  The time of the Orc has come.,Gothmog (Lieutenant of Morgul),The Return of the King
I'm all right.,Frodo Baggins,The Return of the King
"Â Oh my!Â Â  I'm sorry.Â  I didn't mean it to go so far.Â  I was just     so, so angry!Â  Here just' let's just rest a bit.Â ",Samwise Gamgee,The Return of the King
"Keep going.Â  It's the Nazgul.Â  Take cover my lord.Â     ,     It's coming. Â ",MINOR_CHARACTER,The Return of the King
Sam!,Frodo Baggins,The Return of the King
Its Mithrandir!Â  The White Rider!,MINOR_CHARACTER,The Return of the King
Foreseen and done nothing!,Gandalf,The Return of the King
Faramir?Â  This is not the first Halfling to have crossed your path.,Gandalf,The Return of the King
Pull!,MINOR_CHARACTER,The Return of the King
"Mithrandir!Â  ,     They broke through our defences.Â  They've taken the bridge and the West     bank.Â  Battalions of Orcs are crossing the river.Â  Â ",Faramir,The Return of the King
It is as the Lord Denethor predicted!Â  Long has he foreseen this doom!,Irolas,The Return of the King
You've seen Frodo and Sam?,Peregrin Took,The Return of the King
No.,Faramir,The Return of the King
Where?Â  When?,Gandalf,The Return of the King
"I don't want to keep it.Â  , I just want to help.Â  Â ",Samwise Gamgee,The Return of the King
See?Â  See?Â  He wants it for himself.,Gollum,The Return of the King
"Shut up you!Â  ,Â  Go away!Â  Get     out of here!Â ",Samwise Gamgee,The Return of the King
"No Sam!Â  It's you!Â  ,Â      I'm sorry Sam.Â  Â ",Frodo Baggins,The Return of the King
But he's a liar!Â  He's poisoned     you against me.,Samwise Gamgee,The Return of the King
You can't help me any more.,Frodo Baggins,The Return of the King
You don't mean that.,Samwise Gamgee,The Return of the King
Go home.,Frodo Baggins,The Return of the King
Can you sing Master Hobbit?,Denethor I,The Return of the King
" well, yes.Â  At least well     enough for my own people.Â  But we have no songs for great halls and evil     times.Â ",Peregrin Took,The Return of the King
"Sauron's wrath will be terrible, his retribution swift.      Â     ",Gandalf,The Two Towers 
The battle for Helm's Deep is over. The battle for Middle-earth is about to begin.,Gandalf,The Two Towers 
(looking back out to Mordor) All our hopes now lie with two little Hobbits...,Gandalf,The Two Towers 
"In Ithilien.Â  Not two days ago.Â  Gandalf, they're taking the road to the     Morgul vale.Â  Â ",Faramir,The Return of the King
"Where does my allegiance lie if not here?Â  This is the city of the men     of N'menor.Â  I will gladly give my life to defend her beauty, her memory,     her wisdom.Â ",Faramir,The Return of the King
What does that mean? What's wrong?Â  He looks at Gandalf.,Peregrin Took,The Return of the King
"Â  Faramir!Â  Faramir!Â     , Your     father's will has turned to madness.Â  Do not throw away your life so     rashly.Â  Â ",Gandalf,The Return of the King
"Your father loves you Faramir.Â  ,Â  He will remember it before the end.Â  Â ",Gandalf,The Return of the King
And then the pass of Cirith Ungol.,Gandalf,The Return of the King
"What you judged to be right!Â  You sent the Ring of power into Mordor in     the hands of a witless Halfling!Â  It should have been brought back to the     citadel to be kept safe. Hidden.Â  Dark and deep in the vaults' not to be     used.Â  ,Â      unless, at the uttermost end of need.Â ",Denethor I,The Return of the King
I would not use the Ring.Â  Not if Minas Tirith were falling in ruin and     I alone could save her.,Faramir,The Return of the King
Ever you desire to appear lordly and gracious as a King of old.Â Â      Boromir would have remembered his father's need.Â Â  He would have brought me     a kingly gift,Denethor I,The Return of the King
Boromir would not have brought the Ring.Â Â  He would have stretched     out his hand to this thing and taking it he would have fallen.,Faramir,The Return of the King
This is how you would serve your city?Â  You would risk its utter     ruin?,Denethor I,The Return of the King
I did what I judged to be right.,Faramir,The Return of the King
"And why should your songs be unfit for my halls?Â  Come, sing me a song.Â     Â ",Denethor I,The Return of the King
"Home is behind, The world ahead, ,Â  And     there are many paths to tread, Through shadow, to the edge of night    ,Â      Until the stars are all alight.Â ,Â  Mist and shadow     cloud and shade, All shall fade, All shall , 'fade.Â     Â ",Peregrin Took,The Return of the King
Faramir tell me everything.Â  Tell me all you know.,Gandalf,The Return of the King
"March, march!Â Â  March, march march!Â  Â ",MINOR_CHARACTER,The Return of the King
...somewhere in the wilderness.,Gandalf,The Two Towers 
I wonder if we'll ever be put into songs or tales.,Samwise Gamgee,The Two Towers 
What?,Frodo Baggins,The Two Towers 
"I wonder if people will ever say,      ""Let's hear about Frodo and the Ring.""      And they'll say,      ""Yes! That's one of my favourite stories.""      ""Frodo was really courageous, wasn't he, Dad? ""      ""Yes, my boy. ,The most famousest of Hobbits.      And that's saying a lot."",Â     ",Samwise Gamgee,The Two Towers 
"Well, you've left out one of the chief characters:      ""Samwise the Brave.""      I want to hear more about Sam.      Â     ",Frodo Baggins,The Two Towers 
Frodo wouldn't have got far      without Sam.,Frodo Baggins,The Two Towers 
Smeagol?,Frodo Baggins,The Two Towers 
"So was l. ,Â     ",Frodo Baggins,The Two Towers 
"Master. Master looks after us. ,Master wouldn't hurt us.      Â     ",Gollum,The Two Towers 
"Now, Mr. Frodo, you shouldn't make fun. I was being serious.Â       Â     ",Samwise Gamgee,The Two Towers 
"Don't ask Smeagol. Poor, poor Smeagol.      Â     ",Gollum,The Two Towers 
"""Samwise the Brave.""     ",Samwise Gamgee,The Two Towers 
Master broke his promise.,Gollum,The Two Towers 
You know nothing of this matter!,Denethor I,The Return of the King
"We're not going to wait for you. Come on.,Â     ",Samwise Gamgee,The Two Towers 
Father?,Faramir,The Return of the King
"My son!Â  ,Â  Leave me!Â  ",Denethor I,The Return of the King
Careful master!Â  Careful.Â Â  Very far to fall.Â  Very dangerous are the     stairs.,Gollum,The Return of the King
Come master.,Gollum,The Return of the King
Come to Smeagol.,Gollum,The Return of the King
"Mr Frodo!Â  , Get back     you!Â  Don't touch him.Â  Â ",Samwise Gamgee,The Return of the King
"Master betrayed us. Wicked. Tricksy. False. ,We ought to wring his filthy little neck.,Kill him! Kill him! Kill them both! ,And then we take the precious......and we be the master!      Â     ",Gollum,The Two Towers 
He would have kept it for his own.Â  And when he returned you would not     have known your son.,Faramir,The Return of the King
Send forth all legions.Â  Do not stop the attack until the city is     taken.,Witch-King of Angmar,The Return of the King
Boromir was loyal to me!Â Â  Not some wizard's pupil.,Denethor I,The Return of the King
"Why does he hates poor Smeagol?Â  What has Smeagol ever done to him?Â      Master?Â  ,Master carries a heavy     burden Smeagol knows, heavy heavy burden.Â  Fat one cannot know. Â ,Â  He wants it.Â  He needs     it.Â  Smeagol sees it in his eye.Â  , Very soon he will ask you for it.Â  You     will see.Â Â  The fat one will take it from you!Â      Â ",Gollum,The Return of the King
"But the fat Hobbit, he knows.      Eyes always watching.      Â     ",Gollum,The Two Towers 
"Yes. , No! No! ,It's too risky. It's too risky.      Â     ",Gollum,The Two Towers 
"Where is he? Where has he gone? Hey, Gollum! Where are you?      Â     ",Samwise Gamgee,The Two Towers 
Smeagol?,Frodo Baggins,The Two Towers 
"We could let , do it.      Â     ",Gollum,The Two Towers 
Yes. She could do it.,Gollum,The Two Towers 
"Yes, precious, she could. And then we takes it once they're dead.      Â     ",Gollum,The Two Towers 
Yes. Yes. Yes.,Gollum,The Two Towers 
Kill them both.,Gollum,The Two Towers 
"Come on, Hobbits. Long ways to go yet. , Smeagol will show you the way.      Â     ",Gollum,The Two Towers 
Then we stabs them out. Put out his eyeses and make him crawl.,Gollum,The Two Towers 
"Once they're dead. ,Ssssssssssssssh!      Â     ",Gollum,The Two Towers 
Stay out of the forest! Keep away from the trees!,Éomer,The Two Towers 
Final count.....42.,Legolas,The Two Towers 
"Forty-two? That's not bad for a pointy-eared Elvish princeling. I myself am sitting pretty on 43.,Â     ",Gimli,The Two Towers 
Forty-three.,Legolas,The Two Towers 
I will break him.,Witch-King of Angmar,The Return of the King
Where are Theoden's riders?,MINOR_CHARACTER,The Return of the King
Will Rohan's army come?Â  Mithrandir?,MINOR_CHARACTER,The Return of the King
Courage is the best defence that you have now.,Gandalf,The Return of the King
Follow me.,Gollum,The Two Towers 
He was twitching.,Legolas,The Two Towers 
Slay them all!,Witch-King of Angmar,The Return of the King
"He was twitching......because he's got my axe ,embedded in his nervous system!      Â     ",Gimli,The Two Towers 
"He doesn't look too happy, does he?      Â     ",Meriadoc Brandybuck,The Two Towers 
"Not too happy at all, Merry.      Â     ",Peregrin Took,The Two Towers 
"Still, I suppose the view would be quite nice from up there.      Â     ",Meriadoc Brandybuck,The Two Towers 
He was already dead.,Gimli,The Two Towers 
What of the wizard?,Gothmog (Lieutenant of Morgul),The Return of the King
"No, it isn't. I'm starving.      Â     ",Peregrin Took,The Two Towers 
"Good luck trying to find something decent around here. ,Probably only dead rats and      mouldy bread.,Â     ",Meriadoc Brandybuck,The Two Towers 
Saruman's storeroom!,Meriadoc Brandybuck,The Two Towers 
I don't believe it.,Peregrin Took,The Two Towers 
It can't be.,Meriadoc Brandybuck,The Two Towers 
lt is!,Peregrin Took,The Two Towers 
"Oh, yes. It's a quality establishment. I hear the staff are very good.      Â     ",Peregrin Took,The Two Towers 
What are you doing?,Peregrin Took,The Two Towers 
"Nothing. The world's back to normal, that's all.      Â     ",Meriadoc Brandybuck,The Two Towers 
"It's perfect. One barrel each.,Wait.      Do you think we should share it with Treebeard?      Â     ",Peregrin Took,The Two Towers 
"Share it? ,No. No. ,Dead plant and all that. Don't think he'd understand. ,Could be a distant relative.      Â     ",Meriadoc Brandybuck,The Two Towers 
I get it. Don't be hasty.,Peregrin Took,The Two Towers 
" Exactly.      , Bar-hrum.     ",Meriadoc Brandybuck,The Two Towers 
"Longbottom Leaf. ,The finest pipe-weed in South Farthing.      Â     ",Meriadoc Brandybuck,The Two Towers 
The Shire must truly be a great realm      Master Gamgee......where gardeners are held in high honor.,Faramir,The Two Towers 
What road will you take once you reach the woods?,Faramir,The Two Towers 
"Gollum says there's a path......near Minas Morgul that climbs up into the mountains.,Â     ",Frodo Baggins,The Two Towers 
"Cirith Ungol?,Â     ",Faramir,The Two Towers 
ls that its name?,Faramir,The Two Towers 
"No. ,No! , Yes.      Â     ",Gollum,The Two Towers 
This is the old sewer. Runs right under the river through to the edge of the city.      You'll find cover in the woods there.,Faramir,The Two Towers 
"Captain Faramir......you have shown your quality, sir.      Â     ",Samwise Gamgee,The Two Towers 
The very highest.,Samwise Gamgee,The Two Towers 
I must.,Frodo Baggins,The Two Towers 
"lt is the only way. Master says we must go to Mordor, so we must try.      Â     ",Gollum,The Two Towers 
Thank you.,Frodo Baggins,The Two Towers 
" Go, Frodo. Go with the goodwill of all Men.,Â     ",Faramir,The Two Towers 
Frodo......they say a dark terror dwells in the passes above Minas      Morgul. You cannot go that way.,Faramir,The Two Towers 
May death find you quickly if you bring them to harm.,Faramir,The Two Towers 
"Come on, keep up.      Â     ",Samwise Gamgee,The Two Towers 
"Mr. Frodo didn't mean for them Rangers to hurt you. You know that, don't you?      He was trying to save you, see?      Â     ",Samwise Gamgee,The Two Towers 
"Very decent of you. Very decent, indeed      Gollum.    ",Samwise Gamgee,The Two Towers 
Faramir! Orcs have taken the eastern shore. Their numbers are too great.      By nightfall we will be overrun.,Madril,The Two Towers 
Mr. Frodo?,Samwise Gamgee,The Two Towers 
"It's calling to him, Sam. His Eye is almost on me.       Â     ",Frodo Baggins,The Two Towers 
"Hold on, Mr. Frodo. You'll be all right.      Â     ",Samwise Gamgee,The Two Towers 
"Take them to my father. ,Tell him Faramir sends a mighty gift.      ,A weapon that will change our fortunes      in this war. ,Â     ",Faramir,The Two Towers 
"No, no, no hard feelings. Gollum, Gollum. ,Yes, master. Nice Hobbits.      Â     ",Gollum,The Two Towers 
So there's no hard feelings. Forgive and forget.,Samwise Gamgee,The Two Towers 
Save me?,Gollum,The Two Towers 
"Do you want to know      what happened to Boromir? ,You want to know why your brother died?Â  He tried to take the Ring from Frodo after swearing an oath to protect him! ,He tried to kill him! The Ring drove your brother mad!      Â     ",Samwise Gamgee,The Two Towers 
Watch out!,MINOR_CHARACTER,The Two Towers 
Mr. Frodo?,Samwise Gamgee,The Two Towers 
They're here.,Frodo Baggins,The Two Towers 
Nazgul!,Faramir,The Two Towers 
They've come.,Frodo Baggins,The Two Towers 
"The fortress is taken. It is over.,Â     ",Théoden,The Two Towers 
You said this fortress would never fall while your men defend it.      They still defend it. They have died defending it.,Aragorn II Elessar,The Two Towers 
They're past the door!,MINOR_CHARACTER,The Two Towers 
They are breaking in!,MINOR_CHARACTER,The Two Towers 
Is there no other way for the women      and children to get out of the caves?,Aragorn II Elessar,The Two Towers 
"Stay here. Keep out of sight. ,Take cover!      Â     ",Faramir,The Two Towers 
Is there no other way?,Aragorn II Elessar,The Two Towers 
"Nan Barad! Nan Barad! , Haldir, nan Barad! (",Aragorn II Elessar,The Two Towers 
What are you doing? What are you stopping for?,Gimli,The Two Towers 
Nan Barad! (To the Keep!),Haldir (Haladin),The Two Towers 
Haldir!,Aragorn II Elessar,The Two Towers 
"So much death. ,Â  What can Men do against such reckless hate?      Â     ",Théoden,The Two Towers 
"Ride out with me. ,Ride out and meet them.,Â     ",Aragorn II Elessar,The Two Towers 
Tell the women and children      to make for the mountain pass. And barricade the entrance!,Aragorn II Elessar,The Two Towers 
For Rohan. For your people.,Aragorn II Elessar,The Two Towers 
"Aragorn! Fall back to the Keep! Get your men out of there!,Â     ",Théoden,The Two Towers 
There is one passage. It leads into the mountains. But they will not get far.      The Uruk-hai are too many.,Gamling,The Two Towers 
The sun is rising.,Gimli,The Two Towers 
Look to my coming at first light on the fifth day. At dawn......Iook to the east.,Gandalf,The Two Towers 
"Yes!,Â     ",Gimli,The Two Towers 
Yes.........Yes.........The horn of Helm Hammerhand......shall sound in the Deep......one last time.,Théoden,The Two Towers 
For death and glory.,Théoden,The Two Towers 
Gandalf.,Aragorn II Elessar,The Two Towers 
" Theoden King stands alone.,Â       Â     ",Gandalf,The Two Towers 
Brace the gate!,MINOR_CHARACTER,The Two Towers 
Hold them!,MINOR_CHARACTER,The Two Towers 
To the gate. Draw your swords!,Théoden,The Two Towers 
"Make way! ( ,We cannot hold much longer!      Â ",Gamling,The Two Towers 
Hold them!,Théoden,The Two Towers 
How long do you need?,Aragorn II Elessar,The Two Towers 
"Fell deeds, awake. Now for wrath......now for ruin and a red dawn.,Â     ",Théoden,The Two Towers 
As long as you can give me.,Théoden,The Two Towers 
"Let this be the hour      when we draw swords together.Â ,Â     ",Théoden,The Two Towers 
"Forth Eorlingas!,Â     ",Théoden,The Two Towers 
Gimli!,Aragorn II Elessar,The Two Towers 
Timbers! Brace the gate!,Théoden,The Two Towers 
Come on. We can take them.,Gimli,The Two Towers 
Toss me.,Gimli,The Two Towers 
To the king!,Éomer,The Two Towers 
Yes!,Peregrin Took,The Two Towers 
A hit. A fine hit.,Treebeard,The Two Towers 
Break the dam!Â  Release the river!,Treebeard,The Two Towers 
Pippin! Hold on!,Meriadoc Brandybuck,The Two Towers 
"Hold on, little Hobbits.      Â     ",Treebeard,The Two Towers 
What are you doing?,Samwise Gamgee,The Two Towers 
Where are you going?,Samwise Gamgee,The Two Towers 
It's a long way.,Aragorn II Elessar,The Two Towers 
What?,Aragorn II Elessar,The Two Towers 
I cannot jump the distance! You'll have to toss me!,Gimli,The Two Towers 
Don't tell the Elf.,Gimli,The Two Towers 
It's me. It's your Sam. Don't you know your Sam?,Samwise Gamgee,The Two Towers 
"Eomer.,Â     ",Théoden,The Two Towers 
"Not alone. , Rohirrim!      Â     ",Éomer,The Two Towers 
Shore up the door!,Théoden,The Two Towers 
Watch our backs!,MINOR_CHARACTER,The Two Towers 
Throw another one over here!,MINOR_CHARACTER,The Two Towers 
Higher!,Théoden,The Two Towers 
Hold fast the gate!,MINOR_CHARACTER,The Two Towers 
Gimli! Aragorn! Get out of there!,Théoden,The Two Towers 
Aragorn!,Legolas,The Two Towers 
Follow me to the barricade.,MINOR_CHARACTER,The Two Towers 
Make way!,MINOR_CHARACTER,The Two Towers 
Fall back! Fall back!,Gamling,The Two Towers 
"I can't do this, Sam.      Â     ",Frodo Baggins,The Two Towers 
"I know. It's all wrong.      ,By rights, we shouldn't even be here.      But we are. It's like in the great stories, Mr. Frodo. The ones that really mattered.      ,Full of darkness and danger they were.      And sometimes you didn't want to know the end.....because how could the end be happy?Â       How could the world go back      to the way it was...... when so much bad had happened?      Â     ",Samwise Gamgee,The Two Towers 
Victory! We have victory!,Théoden,The Two Towers 
Not a word.,Aragorn II Elessar,The Two Towers 
"What are we holding on to, Sam?      Â     ",Frodo Baggins,The Two Towers 
"That there's some good in this world, Mr. Frodo. And it's worth fighting for.      Â     ",Samwise Gamgee,The Two Towers 
"I think at last we understand one another, Frodo Baggins. ,Â     ",Faramir,The Two Towers 
"You know the laws of our country, the laws of your father. If you let them go      your life will be forfeit.      Â     ",Madril,The Two Towers 
"Then it is forfeit. Release them.,Â     ",Faramir,The Two Towers 
They have broken through! The castle is breached. Retreat!,Théoden,The Two Towers 
"Folk in those stories......had lots of chances of turning back, only they didn't.      They kept going......because they were holding on to something.    ",Samwise Gamgee,The Two Towers 
"But in the end, it's only a passing thing...... this shadow. Even darkness must pass.      A new day will come. And when the sun shines, it will shine out the clearer.      Those were the stories      that stayed with you......that meant something. Even if you were too small      to understand why. But I think, Mr. Frodo, I do understand. I know now.      Â     ",Samwise Gamgee,The Two Towers 
Retreat!,Théoden,The Two Towers 
Hurry! Inside. Get them inside!,Aragorn II Elessar,The Two Towers 
Into the Keep!,Gamling,The Two Towers 
Pull everybody back. Pull them back.,Théoden,The Two Towers 
Fall back!,Gamling,The Two Towers 
I will leave you at the western borders of the forest. You can make your way north      to your homeland from there.,Treebeard,The Two Towers 
"That doesn't make sense to me.      But then......you are very small. ,Perhaps you're right. South it is, then.      Hold on, little Shirelings. ,I always like going south. Somehow it feels like going downhill.,Â     ",Treebeard,The Two Towers 
Are you mad? We'll be caught.,Meriadoc Brandybuck,The Two Towers 
"No, we won't. Not this time.      Â ",Peregrin Took,The Two Towers 
Look! Osgiliath burns!,MINOR_CHARACTER,The Two Towers 
Mordor has come.,MINOR_CHARACTER,The Two Towers 
"The Ring will not save Gondor.      , It has only the power to destroy.      Please......Iet me go.Â       Â ",Frodo Baggins,The Two Towers 
South? But that will lead you past lsengard.,Treebeard,The Two Towers 
"Yes. Exactly.,If we go south, we can slip      past Saruman unnoticed. The closer we are to danger, the farther we are from harm.      It's the last thing he'll expect.      Â ",Peregrin Took,The Two Towers 
Wait! Stop! Stop! Turn around. Turn around. Take us south.,Peregrin Took,The Two Towers 
Hurry.,Faramir,The Two Towers 
Faramir! You must let me go!,Frodo Baggins,The Two Towers 
"And those little family of field mice......that climb up sometimes, and they tickle me awfully.Â       Â ",Treebeard,The Two Towers 
They had voices of their own.,Treebeard,The Two Towers 
Saruman. A wizard should know better!,Treebeard,The Two Towers 
There is no curse in Elvish......Entish or the tongues of Men......for this treachery.,Treebeard,The Two Towers 
"You could have picked a better spot.,Â     ",Gimli,The Two Towers 
"Well, lad, whatever luck you live by, let's hope it lasts the night.      Â ",Gimli,The Two Towers 
"Your friends are with you, Aragorn.      Â ",Legolas,The Two Towers 
Let's hope they last the night.,Gimli,The Two Towers 
Many of these trees were my friends. Creatures I had known from nut and acorn.,Treebeard,The Two Towers 
" A      Eruch'n, '-dano i faelas a hyn an uben tanatha le faelas! ,Â     ",Aragorn II Elessar,The Two Towers 
What's happening out there?,Gimli,The Two Towers 
"I'm sorry, Treebeard.      Â ",Peregrin Took,The Two Towers 
Shall I describe it to you? Or would you like me to find you a box?,Legolas,The Two Towers 
Look! The trees! They're moving!,Peregrin Took,The Two Towers 
They're always trying to get somewhere where they....,Treebeard,The Two Towers 
Yes!,Meriadoc Brandybuck,The Two Towers 
They have business with the Orcs. My business is with lsengard tonight......with rock and stone.,Treebeard,The Two Towers 
So it begins.,Théoden,The Two Towers 
Tangado a chadad!,Aragorn II Elessar,The Two Towers 
Faeg i-varv d'n na lanc a      nu ranc.,Legolas,The Two Towers 
Leithio i philinn!,Aragorn II Elessar,The Two Towers 
"Did they hit anything?,Â     ",Gimli,The Two Towers 
Where are they going?,Meriadoc Brandybuck,The Two Towers 
"Come, my friends. The Ents are going to war. It is likely......that we go to our doom.      Last march......of the Ents.      Â ",Treebeard,The Two Towers 
Give them a volley.,Théoden,The Two Towers 
Fire!,Gamling,The Two Towers 
Fire!,MINOR_CHARACTER,The Two Towers 
"Pendraith! ,Â     ",Aragorn II Elessar,The Two Towers 
Good!,Gimli,The Two Towers 
Swords! Swords!,Aragorn II Elessar,The Two Towers 
I'm on 17!,Legolas,The Two Towers 
Legolas! Two already!,Gimli,The Two Towers 
I'll have no pointy-ear outscoring me!,Gimli,The Two Towers 
Ribed bant!,Aragorn II Elessar,The Two Towers 
"Send them to me! Come on!,Â     ",Gimli,The Two Towers 
Nineteen!,Legolas,The Two Towers 
Merry.,Peregrin Took,The Two Towers 
"I have told your names to the Entmoot......and we have agreed......you are not      Orcs.,Â     ",Treebeard,The Two Towers 
And what about Saruman? Have you come to a decision about him?,Meriadoc Brandybuck,The Two Towers 
"Well, that's good news. ",Peregrin Took,The Two Towers 
"We have just agreed.,Â     ",Treebeard,The Two Towers 
Yes?,Meriadoc Brandybuck,The Two Towers 
"Now, don't be hasty, Master Meriadoc.      Â ",Treebeard,The Two Towers 
"War? Yes. It affects us all. Tree, root and twig.      But you must understand, young Hobbit......it takes a long time......to say anything in Old      Entish... ,...and we never say anything......unless it is worth taking......a long time to say.,Â     ",Treebeard,The Two Towers 
"Hasty? Our friends are out there. ,They need our help. They cannot fight this war on their own.      Â ",Meriadoc Brandybuck,The Two Towers 
Seventeen! Eighteen! Nineteen! Twenty! Twenty-one!,Gimli,The Two Towers 
Is this it? Is this is all you can conjure      Saruman?,Théoden,The Two Towers 
"Togo hon dad, Legolas! ,Â ",Aragorn II Elessar,The Two Towers 
Brace the gate!,Théoden,The Two Towers 
Aragorn!,Gimli,The Two Towers 
Hold them! Stand firm!,Théoden,The Two Towers 
Gimli!,Aragorn II Elessar,The Two Towers 
Hado i philinn!,Aragorn II Elessar,The Two Towers 
Herio!,Aragorn II Elessar,The Two Towers 
Causeway!,Aragorn II Elessar,The Two Towers 
Dago hon! Dago hon!,Aragorn II Elessar,The Two Towers 
"The Ents cannot hold back this storm. We must weather such things as we have always done.,Â     ",Treebeard,The Two Towers 
How can that be your decision?!,Meriadoc Brandybuck,The Two Towers 
"You are young and brave, Master Merry. But your part in this tale is over.      Go back to your home.,Â     ",Treebeard,The Two Towers 
"Maybe Treebeard's right. We don't belong here, Merry. It's too big for us.      What can we do in the end? We've got the Shire. Maybe we should go home.,Â     ",Peregrin Took,The Two Towers 
"The fires of lsengard will spread......and the woods of Tuckborough and Buckland will burn.      And.... ,And all that was once green and good      in this world will be gone. There won't be a Shire, Pippin.      Â ",Meriadoc Brandybuck,The Two Towers 
Boromir! Boromir!,MINOR_CHARACTER,The Two Towers 
"This city was once the jewel of our kingdom. A place of light and beauty     and music. And so it shall be once more! ,Let the armies of Mordor know this:     Never again will the land of my people fall into enemy hands.    ,This city of Osgiliath has been     reclaimed ,for     Gondor!Â ",Boromir,The Two Towers 
For Gondor!,MINOR_CHARACTER,The Two Towers 
" But you're part of this world!      Aren't you?!,Â     ",Meriadoc Brandybuck,The Two Towers 
"This is not our war.,Â     ",Treebeard,The Two Towers 
For Gondor!,MINOR_CHARACTER,The Two Towers 
You must help. Please. You must do something.,Meriadoc Brandybuck,The Two Towers 
For Gondor!,Boromir,The Two Towers 
"Remember today, little brother. Today, life is good.Â ",Boromir,The Two Towers 
What?,Boromir,The Two Towers 
He's here.,Faramir,The Two Towers 
" One moment of peace, can he not give us that?Â ",Boromir,The Two Towers 
Where is he? Where is Gondor's finest? Where's my first-born?,Denethor I,The Two Towers 
Father!,Boromir,The Two Towers 
Leaves more time for drinking!     Break out the ale! These men are thirsty!,Boromir,The Two Towers 
Good speech. Nice and short.,Faramir,The Two Towers 
They exaggerate. The victory belongs to Faramir also.,Boromir,The Two Towers 
Were you not entrusted to protect it?,Denethor I,The Two Towers 
"But for Faramir, this city would still be standing.Â ",Denethor I,The Two Towers 
"Oh, too few. You let the enemy walk in and take it on a whim. Always you     cast a poor reflection on me. ",Denethor I,The Two Towers 
"I would have done, but our numbers were too few.Â ",Faramir,The Two Towers 
That is not my intent.,Faramir,The Two Towers 
For Gondor!,Boromir,The Two Towers 
They say you vanquished the enemy almost single-handedly.,Denethor I,The Two Towers 
"You give him no credit, and yet he tries to do your will.Â ",Boromir,The Two Towers 
"lt has fallen into the hands of     the Elves. Everyone will try to claim it: Men, Dwarves, wizards. We cannot     let that happen. This thing must come to Gondor.Â ",Denethor I,The Two Towers 
Gondor.,Boromir,The Two Towers 
" It's dangerous,     I know. Ever the Ring will seek to corrupt the hearts of lesser Men. But     you, you are strong.    And our need is great. It is our blood which is being spilled, our people     who are dying. Sauron is biding his time. He's massing fresh armies. He will     return. And when he does, we will be powerless to stop him. You must go.    ,Bring me back this     mighty gift    .",Denethor I,The Two Towers 
"No. My place is here with     my people. ,Not in Rivendell.Â ",Boromir,The Two Towers 
Would you deny your own father?,Denethor I,The Two Towers 
"He loves you, Father.Â ",Boromir,The Two Towers 
lf there is need to go to Rivendell......send me in his stead.,Faramir,The Two Towers 
The One Ring. lsildur's     Bane.,Boromir,The Two Towers 
"Do not trouble me with Faramir......I know his uses, and they are few.     We have more urgent things to speak of. Elrond of Rivendell has called a     meeting. He will not say why, but I have guessed its purpose. It is rumored     that the weapon of the enemy has been found.Â  Â ",Denethor I,The Two Towers 
"You? Oh, I see. A chance for Faramir, captain of Gondor, to show his     quality. I think not. ,I trust this mission only to your brother. The one who will not     fail me.Â ",Denethor I,The Two Towers 
"Remember today, little brother. Â ",Boromir,The Two Towers 
"Captain Faramir! ,We     found the third one.Â ",MINOR_CHARACTER,The Two Towers 
You must come with me. Now.,Faramir,The Two Towers 
Down there.,Faramir,The Two Towers 
"To enter the Forbidden Pool bears the penalty of death.    ,They wait for my command. Shall I     shoot?Â ",Faramir,The Two Towers 
The rock and pool    Is nice and cool    So juicy sweet    Our only wish    To catch a fish    So juicy sweet,Gollum,The Two Towers 
Wait. This creature is bound to me. And I to him. He is our guide.     Please......Iet me go down to him.,Frodo Baggins,The Two Towers 
"Smeagol. , Master is here.     Come, Smeagol. Trust master. Come.Â ",Frodo Baggins,The Two Towers 
We must go now?,Gollum,The Two Towers 
"Don't hurt him! ,Smeagol, don't struggle. Smeagol, listen     to me.Â ",Frodo Baggins,The Two Towers 
"Smeagol, you must trust master. Follow me. Come on. Come. Come, Smeagol.     Nice Smeagol. That's it. Come on.Â ",Frodo Baggins,The Two Towers 
"Arwen. ,Tollen i l'. I chair gwannar     na Valannor. Si bado, no c'rar. ",Elrond,The Two Towers 
Brego.,Aragorn II Elessar,The Two Towers 
He is not coming back.Why do you linger herewhen there is no hope?,Elrond,The Two Towers 
May the grace of the Valarprotect you.,Arwen,The Two Towers 
Master!,Gollum,The Two Towers 
"That's enough. ,Where     are you leading them? ,Answer me.Â ",Faramir,The Two Towers 
"    Smeagol. Why does it cry, Smeagol?Â ",Gollum,The Two Towers 
Cruel Men hurts us. Master     tricksed us.,Gollum,The Two Towers 
Master betrayed us.,Gollum,The Two Towers 
No. Not its business. Leave us alone!,Gollum,The Two Towers 
Filthy little     Hobbitses! They stole it from us!,Gollum,The Two Towers 
There is still hope.,Arwen,The Two Towers 
If Aragorn survives this waryou will still be parted.If Sauron is defeatedand Aragorn made king......and all that you hope forcomes true......you will still have to tastethe bitterness of mortality.,Elrond,The Two Towers 
Whether by the swordor the slow decay of time......Aragorn will die.And there will be no comfortfor you......no comfort to ease the painof his passing.He will come to death......an image of the splendorof the kings of Men......in glory undimmed beforethe breaking of the world.,Elrond,The Two Towers 
I have made my choice.,Arwen,The Two Towers 
Of course he did. I told you he was tricksy. I told you he was false.,Gollum,The Two Towers 
Master is our friend. Our friend.,Gollum,The Two Towers 
"Arwen.,There is nothing for you here......only death.Â ",Elrond,The Two Towers 
"I amar prestar aen... han mathon ne nen, han mathon ne chae a han noston     ned 'wilith.                     ",Galadriel,The Two Towers 
What news?,Faramir,The Two Towers 
"But you, my daughter......you will linger on in darknessand in doubt......as nightfall in winterthat comes without a star.Here you will dwell......bound to your griefunder the fading trees...... until all the world is changed......and the long years of your lifeare utterly spent.Â ",Elrond,The Two Towers 
How many?,Faramir,The Two Towers 
Some thousands. More come every day.,Madril,The Two Towers 
Who's covering the river to the north?,Faramir,The Two Towers 
"We pulled 500 men at Osgiliath. If their city is attacked, we won't hold     it.Â ",Madril,The Two Towers 
"Gerich veleth n'n, ada. ",Arwen,The Two Towers 
What did they steal?,Faramir,The Two Towers 
My precious!,Gollum,The Two Towers 
No. No.,Gollum,The Two Towers 
"Our scouts report Saruman has attacked Rohan. , Theoden's people have fled     to Helm's Deep. But we must look to our own borders. Faramir, Orcs are on     the move. Sauron is marshaling an army. Easterlings and Southrons are at the     Black Gate.Â ",Madril,The Two Towers 
"A im, '-'erin veleth l'n? ",Elrond,The Two Towers 
"We have to get out of here.     You go. Go, now. You can do it. Use the Ring, Mr. Frodo. Just this once. Put     it on. Disappear.Â ",Samwise Gamgee,The Two Towers 
No!,Frodo Baggins,The Two Towers 
"Stop it! Leave him alone. ,Don't you understand? He's got to destroy     it! That's where we're going, into Mordor. To the Mountain of Fire! Â ",Samwise Gamgee,The Two Towers 
Osgiliath is under attack. They call for reinforcements.,MINOR_CHARACTER,The Two Towers 
Please. It's such a burden.     Will you not help him?,Samwise Gamgee,The Two Towers 
Captain?,MINOR_CHARACTER,The Two Towers 
" Prepare to leave.    ,The Ring will go to Gondor.    ",Faramir,The Two Towers 
Mr.     Frodo....,Samwise Gamgee,The Two Towers 
"So this is the answer to all the riddles. ,Here in the     Wild I have you......two Halflings......and a host of men at my call.,The Ring of Power within my     grasp.,A chance for Faramir, captain of Gondor......to     show his quality.Â ",Faramir,The Two Towers 
My men tell me that you are Orc spies.,Faramir,The Two Towers 
Saruman attacks from lsengard. Sauron from Mordor. The fight will come to     Men on both fronts. Gondor is weak. Sauron will strike us soon. And he will     strike hard. He knows now we do not have the strength to repel him.,Faramir,The Two Towers 
" I can't. You were right, Sam. You tried to tell me but....,I'm sorry. The Ring's taking me, Sam. If I put it     on......he'll find me. He'll see.Â ",Frodo Baggins,The Two Towers 
" Mae carnen, Brego,     mellon n'n. ",Aragorn II Elessar,The Two Towers 
"We are Hobbits of the Shire. Frodo Baggins is my name, and this is     Samwise Gamgee.Â ",Frodo Baggins,The Two Towers 
Your bodyguard?,Faramir,The Two Towers 
His gardener.,Samwise Gamgee,The Two Towers 
And where is your skulking friend? That gangrel creature. He had an ill-favored     look.,Faramir,The Two Towers 
"Well, if you're not spies, then who are you?Â ",Faramir,The Two Towers 
"There was no other.    ,We set out from Rivendell with seven companions. One we lost in Moria......two     were my kin......a Dwarf there was also. And an Elf and two Men. Aragorn,     son of Arathorn, and Boromir of Gondor.Â ",Frodo Baggins,The Two Towers 
You're a friend of Boromir?,Faramir,The Two Towers 
Speak.,Faramir,The Two Towers 
Spies? Now wait just a minute.,Samwise Gamgee,The Two Towers 
"Gimli, where is the king? Â ",Aragorn II Elessar,The Two Towers 
"Le abdollen. ,You look terrible.    ",Legolas,The Two Towers 
Hannon le.,Aragorn II Elessar,The Two Towers 
"A great host, you say?Â ",Théoden,The Two Towers 
All lsengard is emptied.,Aragorn II Elessar,The Two Towers 
How many?,Théoden,The Two Towers 
He's alive!,MINOR_CHARACTER,The Two Towers 
Yes.Â  For my part.,Frodo Baggins,The Two Towers 
"Where is he? Where is he?,Get out of the     way! I'm going to kill him!,You are the luckiest, the canniest    ,.....and the most reckless man     I ever knew. Bless you, laddie. ",Gimli,The Two Towers 
Ten thousand strong at least.,Aragorn II Elessar,The Two Towers 
Ten thousand?,Théoden,The Two Towers 
It is an army bred for a single purpose: To destroy the world of Men.     They will be here by nightfall.,Aragorn II Elessar,The Two Towers 
I want every man and strong     lad able to bear arms......to be ready for battle by nightfall.,Théoden,The Two Towers 
Dead? How? When?,Frodo Baggins,The Two Towers 
"As one of his companions, I'd hoped you would tell me.Â ",Faramir,The Two Towers 
"If something has happened to Boromir, we would have you tell us.Â ",Frodo Baggins,The Two Towers 
"His horn washed up upon the riverbank, about six days past. It was     cloven in two. But more than this, I know it in my heart.    ,He was my brother.Â ",Faramir,The Two Towers 
This is no rabble of mindless Orcs. These are Uruk-hai. Their armour is     thick and their shields broad.,Gimli,The Two Towers 
"I have fought many wars, Master Dwarf. I know how to defend my own keep.Â ",Théoden,The Two Towers 
Let them come!,Théoden,The Two Towers 
They do not come to destroy Rohan's crops or villages. They come to     destroy its people......down to the last child.,Aragorn II Elessar,The Two Towers 
We will cover the causeway and the gate from above. No army has ever     breached the Deeping Wall......or set foot inside the Hornburg!,Théoden,The Two Towers 
It will grieve you then to     learn that he is dead.,Faramir,The Two Towers 
"They will break upon this fortress like water on rock.    ,Saruman's     hordes will pillage and burn.    We've seen it before. Crops can be resown......homes rebuilt. Within these     walls......we will outlast them.Â ",Théoden,The Two Towers 
"What would you have me do? Look at my men. Their courage hangs by a     thread. If this is to be our end, then I would have them make such an     end......as to be worthy of remembrance.Â ",Théoden,The Two Towers 
And who will come? Elves? Dwarves? We are not so lucky in our friends as     you. The old alliances are dead.,Théoden,The Two Towers 
Gondor will answer.,Aragorn II Elessar,The Two Towers 
We need more time to lay provisions--,Gamling,The Two Towers 
The light of the Evenstardoes not wax and wane.It is mine to give to whom I will.Like my heart.Go to sleep.,Arwen,The Two Towers 
"I am asleep.,This is a dream.Â ",Aragorn II Elessar,The Two Towers 
"Then it is a good dream. ,Sleep. ",Arwen,The Two Towers 
"(    Gondor?! Where was Gondor when the Westfold fell?! Where was Gondor when our     enemies closed in around us?! Where was Gon--? ,No, my Lord     Aragorn......we are alone. ,Get the women and children     into the caves.Â ",Théoden,The Two Towers 
"Send out riders, my lord. You must call for aid. Â ",Aragorn II Elessar,The Two Towers 
Minl' pendich nin i aur     hen telitha.,Aragorn II Elessar,The Two Towers 
We wants it.We needs it.Must have the precious.They stole it from us.Sneaky little Hobbitses.Wicked. Tricksy. False.,Gollum,The Two Towers 
"Yes, precious. False.They will cheat you, hurt you, lie! Â ",Gollum,The Two Towers 
Master's my friend.,Gollum,The Two Towers 
Not listening. I'm not listening.,Gollum,The Two Towers 
You're a liar and a thief.,Gollum,The Two Towers 
No.,Gollum,The Two Towers 
"We Ents have not troubled......about the wars of Men and     wizards......for a very long time. But now, something is about to     happen......that has not happened......for an age.,Entmoot.Â ",Treebeard,The Two Towers 
There is no time. War is upon us. Secure the gate.,Théoden,The Two Towers 
No. Not master.,Gollum,The Two Towers 
You don't have any friends.Nobody likes you.,Gollum,The Two Towers 
What's that?,Meriadoc Brandybuck,The Two Towers 
'Tis a gathering.,Treebeard,The Two Towers 
A     gathering of what?,Meriadoc Brandybuck,The Two Towers 
"Beech. Oak. Chestnut. Ash. Good. Good. Good. Many have come.,Now we must decide if the Ents......will     go to war.Â ",Treebeard,The Two Towers 
Arwen....,Aragorn II Elessar,The Two Towers 
Ae '-esteliach nad...     estelio han. Estelio ammen.,Arwen,The Two Towers 
Where is she?The woman who gave you that jewel.,Éowyn,The Two Towers 
Our time here is ending.Arwen's time is ending.Let her go.Let her take the ship into the west.Let her bear away her love for youto the Undying Lands.There it will be ever green.,Elrond,The Two Towers 
But never more than memory.,Aragorn II Elessar,The Two Towers 
I will not leave my daughter hereto die.,Elrond,The Two Towers 
Si peliannen i v'd na dail l'n. Si boe '-dhannathach.,Arwen,The Two Towers 
Dolen i v'd o nin.,Aragorn II Elessar,The Two Towers 
' i vethed... n' i onnad. Boe bedich go Frodo. Han b'd l'n.,Arwen,The Two Towers 
Ma nathach hi gwannathach or minuial archened?,Arwen,The Two Towers 
Murderer.,Gollum,The Two Towers 
Go away.,Gollum,The Two Towers 
Go away?,Gollum,The Two Towers 
I hate you.I hate you.,Gollum,The Two Towers 
Where would you be without me?Gollum. Gollum.I saved us.It was me. We survived because of me.,Gollum,The Two Towers 
She stays because she still has hope.,Aragorn II Elessar,The Two Towers 
She stays for you.She belongs with her people.,Elrond,The Two Towers 
Nach gwannatha sin?,Arwen,The Two Towers 
What did you say?,Gollum,The Two Towers 
Master looks after us now.We don't need you.,Gollum,The Two Towers 
What?,Gollum,The Two Towers 
No.,Gollum,The Two Towers 
Not anymore.,Gollum,The Two Towers 
Leave now......and never come back.,Gollum,The Two Towers 
Leave now and never come back.,Gollum,The Two Towers 
Leave now and never come back!,Gollum,The Two Towers 
Gandalf the White.Gandalf the Fool!Does he seek to humble mewith his newfound piety?,Saruman,The Two Towers 
"The Ring of Barahir.So Gandalf Greyhamethinks he has found lsildur's heir.The lost king of Gondor.He is a fool.The line was broken years ago. ,It matters not.The world of Men shall fall.It will begin at Edoras.Â ",Saruman,The Two Towers 
"I am ready, Gamling.Bring my horse.Â ",Théoden,The Two Towers 
"This is not a defeat. We will return.,We will return.Â ",Théoden,The Two Towers 
'-ethelithon.,Aragorn II Elessar,The Two Towers 
Estelio guru l'n ne dagor.     Ethelithach.,Arwen,The Two Towers 
You stink of horse.The Man......was he from Gondor?,Saruman,The Two Towers 
'-bedin o gurth ne dagor.,Aragorn II Elessar,The Two Towers 
"There were threewho followed the wizard.An Elf, a Dwarf and a Man.Â ",Gríma Wormtongue,The Two Towers 
"No, from the North.One of the Dunedain RangersI thought he was.His cloth was poor.And yet he bore a strange ringTwo serpents with emerald eyes..Â One devouringthe other crowned with golden flowers.Â ",Gríma Wormtongue,The Two Towers 
O man pedich?,Arwen,The Two Towers 
"Edra le men, men na guil edwen. Haer o auth a n'r a naeth. ",Aragorn II Elessar,The Two Towers 
This belongs to you.,Aragorn II Elessar,The Two Towers 
It was a gift.Keep it.,Arwen,The Two Towers 
My lord?,Éowyn,The Two Towers 
She is sailing to the Undying Landswith all that is left of her kin.,Aragorn II Elessar,The Two Towers 
What is it? Hama?,Gamling,The Two Towers 
I'm not sure.,Háma,The Two Towers 
"I am mortal. You are Elf-kind.It was a dream, Arwen.Nothing more.Â ",Aragorn II Elessar,The Two Towers 
I don't believe you.,Arwen,The Two Towers 
A scout!,Legolas,The Two Towers 
Wargs!,Gamling,The Two Towers 
Look.Look. See what Smeagol finds?,Gollum,The Two Towers 
"They are young.They are tender. They are nice.Yes, they are. Eat them. Eat them!    ",Gollum,The Two Towers 
"You'll make him sick, you will......behaving like that.    ,There's only one way to eata brace of coneys.Â ",Samwise Gamgee,The Two Towers 
"We told him to go away.And away he goes, precious. ,Gone! Gone! Gone!Smeagol is free!Â ",Gollum,The Two Towers 
Why are you saying this?,Arwen,The Two Towers 
What's to ruin? There's hardly any meaton them.,Samwise Gamgee,The Two Towers 
Po-ta-toes.,Samwise Gamgee,The Two Towers 
"Boil them, mash themstick them in a stew.Lovely, big, golden chipswith a nice piece of fried fish. Â ",Samwise Gamgee,The Two Towers 
Even you couldn't say no to that.,Samwise Gamgee,The Two Towers 
"What's it doing?Stupid, fat Hobbit.It ruins it.Â ",Gollum,The Two Towers 
You're hopeless.,Samwise Gamgee,The Two Towers 
Mr. Frodo?,Samwise Gamgee,The Two Towers 
Who are they?,Samwise Gamgee,The Two Towers 
"What's taters, precious?What's taters? Eh?Â ",Gollum,The Two Towers 
What we need is a few good taters.,Samwise Gamgee,The Two Towers 
You have some skill with a blade.,Aragorn II Elessar,The Two Towers 
"Oh, yes, we could.Spoil a nice fish. ,Give it to us raw...    ,...and wriggling.You keep nasty chips.Â ",Gollum,The Two Towers 
Women of this country learned long ago:Those without swordscan still die upon them.I fear neither death nor pain.,Éowyn,The Two Towers 
A cage.To stay behind bars until useand old age accept them.And all chance of valor has gonebeyond recall or desire.,Éowyn,The Two Towers 
"What do you fear, my lady?Â ",Aragorn II Elessar,The Two Towers 
Send out your Warg-riders.,Saruman,The Two Towers 
"Theoden will not stay at Edoras.It's vulnerable. He knows this.,He will expect an attack on the city.,They will flee to Helm's Deep......the great fortress of Rohan.,It is a dangerous road to takethrough the mountains.,They will be slow.,They will have women and childrenwith them. Â ",Gríma Wormtongue,The Two Towers 
What?,Samwise Gamgee,The Two Towers 
Call him names.Run him down all the time.,Frodo Baggins,The Two Towers 
"Because.Because that's what he is, Mr. Frodo.There's naught left in himbut lies and deceit.It's the Ring he wants.It's all he cares about.Â ",Samwise Gamgee,The Two Towers 
Why do you do that?,Frodo Baggins,The Two Towers 
"You have no idea what it did to him......what it's still doing to him.,I want to help him, Sam.Â ",Frodo Baggins,The Two Towers 
You're a daughter of kings......a shieldmaiden of Rohan.I do not think that would be your fate.,Aragorn II Elessar,The Two Towers 
Why?,Samwise Gamgee,The Two Towers 
Get them out of here!,Aragorn II Elessar,The Two Towers 
All riders to the head of the column.,Théoden,The Two Towers 
What is it? What do you see?,Théoden,The Two Towers 
Warg! We're under attack!,Aragorn II Elessar,The Two Towers 
"You must lead the peopleto Helm's Deep, and make haste.Â ",Théoden,The Two Towers 
Come on. Get me up here. I'm a rider.Come on!,Gimli,The Two Towers 
"No!You must do this, for me.Â ",Théoden,The Two Towers 
I can fight.,Éowyn,The Two Towers 
"Hey, stinker, don't go gettingtoo far ahead.Â ",Samwise Gamgee,The Two Towers 
"Forward. I mean, charge forward.Â ",Gimli,The Two Towers 
Stay together!,Faramir,The Two Towers 
Bring your pretty face to my axe.,Gimli,The Two Towers 
Follow me!,Théoden,The Two Towers 
That's it! Go on!,Gimli,The Two Towers 
Make for the lower ground!,Faramir,The Two Towers 
Ready to do what?,Samwise Gamgee,The Two Towers 
To make his war.The last war that will coverall the world in Shadow.,Gollum,The Two Towers 
Mr. Frodo.Look.It's an oliphaunt.,Samwise Gamgee,The Two Towers 
"We've got to get moving. Come on, Sam. Â ",Frodo Baggins,The Two Towers 
Wicked Men.Servants of Sauron.They are called to Mordor.The Dark One is gathering all armiesto him.It won't be long now.He will soon be ready.,Gollum,The Two Towers 
No one at home will believe this.,Samwise Gamgee,The Two Towers 
Smeagol?,Frodo Baggins,The Two Towers 
"We've lingered here too long.Come on, Sam.Â ",Frodo Baggins,The Two Towers 
Wait! We're innocent travelers!,Samwise Gamgee,The Two Towers 
We are bound to an errand of secrecy.Those that claim to oppose the enemywould do well not to hinder us.,Frodo Baggins,The Two Towers 
"The enemy? ,His sense of duty was no lessthan yours, I deem.,You wonder what his name is......where he came from.,And if he was really evil at heart.,What lies or threats led himon this long march from home.,If he would not rather have stayed there......in peace.,War will make corpses of us all.,Bind their hands.",Faramir,The Two Towers 
There are no travelers in this land.Only servants of the Dark Tower.,Faramir,The Two Towers 
Because I have to believehe can come back.,Frodo Baggins,The Two Towers 
"You can't save him, Mr. Frodo.Â ",Samwise Gamgee,The Two Towers 
"It's true, you don't seemany Dwarf women.And in fact, they are so alikein voice and appearance......that they're often mistakenfor Dwarf men.Â ",Gimli,The Two Towers 
"What do you know about it?Nothing! ,I'm sorry, Sam. I don't knowwhy I said that.Â ",Frodo Baggins,The Two Towers 
"I do. ,It's the Ring.You can't take your eyes off it.I've seen you.You're not eating. You barely sleep. ,It's taken hold of you, Mr. Frodo. You have to fight it.Â ",Samwise Gamgee,The Two Towers 
"I know what I have to do, Sam.The Ring was entrusted to me.It's my task.Mine! My own!Â ",Frodo Baggins,The Two Towers 
Can't you hear yourself?Don't you know who you sound like?,Samwise Gamgee,The Two Towers 
Aragorn!,Legolas,The Two Towers 
"That one counts as mine! ,Stinking creature.Â ",Gimli,The Two Towers 
"(,You lie.Â ",Legolas,The Two Towers 
Tell me what happenedand I will ease your passing.,Gimli,The Two Towers 
Aragorn?,Gimli,The Two Towers 
Get the wounded on horses.The wolves of lsengard will return.Leave the dead.,Théoden,The Two Towers 
